S00472973,Elizabeth,Andersen
S00806042,Catherine,Autier Miconi
S00360626,Thomas,Axen
S00873144,Jean Philippe,Bagel
S00278258,Anna,Bedecs
S00046565,John,Edwards
S00698845,Alexander,Eggerer
S00389325,Michael,Entin
S00170776,Daniel,Goldschmidt
S00274643,Antonio,Gratacos Solsona
S00287450,Carlos,Grilo
S00636735,Jonas,Hasselberg
S00947280,Peter,Krschne
S00757976,Helena,Kupkova
S00540216,Christina,Lee
S00387552,Soo Jung,Lee
S00483498,George,Li
S00380454,Run,Liu
S00442638,Andre,Ludick
S00360809,Sven,Mortensen
S00114203,Martin,O’Donnell
S00452407,Francisco,Pérez-Olaeta
S00971382,Amritansh,Raghav
S00156910,Luciana,Ramos
S00002529,John,Rodman
S00241057,Bernard,Tham
S00634533,Karen,Toh
S00599865,Roland,Wacker
S00078018,Ming-Yang,Xie
S00585868,Elizabeth A.,Andersen
S00113203,Bryn Paul,Dunton
S00633249,Stuart,Glasson
S00880651,Satomi,Hayakawa
S00586142,Amaya,Hernandez-Echevarria
S00303021,Madeleine,Kelley
S00932913,Mikael,Sandberg
S00449490,Naoki,Sato
S00913453,Luis,Sousa
S00225481,Cornelia,Weiler
S00838203,Andrew,Cencini
S00342403,Nancy,Freehafer
S00978944,Laura,Giussani
S00430473,Anne,Hellung-Larsen
S00023092,Jan,Kotas
S00413210,Michael,Neipper
S00213687,Mariya,Sergienko
S00132212,Steven,Thorpe
S00967156,Robert,Zare
